parameter,depth_m,value,unit,year,month,source,note
NO3,0,4.14,uM,1999,august,Bossard,
NO3,0.5,2.48,uM,1999,august,Bossard,
NO3,1,3.52,uM,1999,august,Bossard,
NO3,1.5,2.65,uM,1999,august,Bossard,
NO3,2.5,1.86,uM,1999,august,Bossard,
NO3,3.8,2.12,uM,1999,august,Bossard,
NO3,5,2.51,uM,1999,august,Bossard,
NO3,7.5,3.2,uM,1999,august,Bossard,
NO3,10,4.32,uM,1999,august,Bossard,
NO3,12.5,4.31,uM,1999,august,Bossard,
NO3,15,4.8,uM,1999,august,Bossard,
NO3,20,5.29,uM,1999,august,Bossard,
NO3,0,0.95,uM,1999,september,Bossard,
NO3,0.4,0.46,uM,1999,september,Bossard,
NO3,1,0.42,uM,1999,september,Bossard,
NO3,1.4,0.31,uM,1999,september,Bossard,
NO3,2.4,0.3,uM,1999,september,Bossard,
NO3,3.7,0.15,uM,1999,september,Bossard,
NO3,5,0.48,uM,1999,september,Bossard,
NO3,7.5,0.8,uM,1999,september,Bossard,
NO3,10,4.03,uM,1999,september,Bossard,
NO3,12.5,2.74,uM,1999,september,Bossard,
NO3,14.9,2.96,uM,1999,september,Bossard,
NH4,0,0.38,uM,1999,august,Bossard,
NH4,0.6,0.94,uM,1999,august,Bossard,
NH4,1.2,0.12,uM,1999,august,Bossard,
NH4,1.6,0.24,uM,1999,august,Bossard,
NH4,2.6,0.16,uM,1999,august,Bossard,
NH4,3.9,0,uM,1999,august,Bossard,
NH4,5,0,uM,1999,august,Bossard,
NH4,7.6,1.81,uM,1999,august,Bossard,
NH4,10,1.66,uM,1999,august,Bossard,
NH4,12.4,18.1,uM,1999,august,Bossard,
NH4,0,2.07,uM,1999,september,Bossard,
NH4,1.1,0.24,uM,1999,september,Bossard,
NH4,1.6,0.24,uM,1999,september,Bossard,
NH4,2.6,0,uM,1999,september,Bossard,
NH4,3.8,0.09,uM,1999,september,Bossard,
NH4,5,0.02,uM,1999,september,Bossard,
NH4,7.5,0.24,uM,1999,september,Bossard,
NH4,10,0.66,uM,1999,september,Bossard,
NH4,12.4,12.44,uM,1999,september,Bossard,
ortho-P,0,0.01,uM,1999,august,Bossard,ortho-P (PO4)
ortho-P,1,0.02,uM,1999,august,Bossard,
ortho-P,1.5,0.02,uM,1999,august,Bossard,
ortho-P,2.5,0.02,uM,1999,august,Bossard,
ortho-P,3.7,0.03,uM,1999,august,Bossard,
ortho-P,5,0.03,uM,1999,august,Bossard,
ortho-P,7.5,0.02,uM,1999,august,Bossard,
ortho-P,10,0.02,uM,1999,august,Bossard,
ortho-P,12.5,0.02,uM,1999,august,Bossard,
ortho-P,15.1,2.81,uM,1999,august,Bossard,
ortho-P,20.1,3.55,uM,1999,august,Bossard,
ortho-P,0,0.02,uM,1999,september,Bossard,
ortho-P,0.5,0.02,uM,1999,september,Bossard,
ortho-P,1.1,0.02,uM,1999,september,Bossard,
ortho-P,1.5,0.02,uM,1999,september,Bossard,
ortho-P,2.5,0.02,uM,1999,september,Bossard,
ortho-P,3.7,0.02,uM,1999,september,Bossard,
ortho-P,5,0.01,uM,1999,september,Bossard,
ortho-P,7.5,0.02,uM,1999,september,Bossard,
ortho-P,10,0.02,uM,1999,september,Bossard,
ortho-P,12.5,0.02,uM,1999,september,Bossard,
ortho-P,15,2.5,uM,1999,september,Bossard,
ortho-P,20,3.92,uM,1999,september,Bossard,
O2,0,309.41,uM,1999,august,Bossard,
O2,1,318.55,uM,1999,august,Bossard,
O2,1.5,317.65,uM,1999,august,Bossard,
O2,2.5,317.52,uM,1999,august,Bossard,
O2,3.7,312.31,uM,1999,august,Bossard,
O2,5,312.99,uM,1999,august,Bossard,
O2,7.5,224.15,uM,1999,august,Bossard,
O2,10.1,91.47,uM,1999,august,Bossard,
O2,12.5,0.11,uM,1999,august,Bossard,
O2,20,0,uM,1999,august,Bossard,
O2,0,341.44,uM,1999,september,Bossard,
O2,0.5,311.04,uM,1999,september,Bossard,
O2,1.5,309.22,uM,1999,september,Bossard,
O2,2.5,320.89,uM,1999,september,Bossard,
O2,3.7,309.78,uM,1999,september,Bossard,
O2,5,312.99,uM,1999,september,Bossard,
O2,7.5,263.77,uM,1999,september,Bossard,
O2,10,107.49,uM,1999,september,Bossard,
O2,12.5,0.11,uM,1999,september,Bossard,
O2,15,0,uM,1999,september,Bossard,
O2,20,0,uM,1999,september,Bossard,
H2S,0.1,0,uM,1999,,Bossard,
H2S,0.5,0,uM,1999,,Bossard,
H2S,1.1,0,uM,1999,,Bossard,
H2S,1.6,0,uM,1999,,Bossard,
H2S,2.6,0,uM,1999,,Bossard,
H2S,3.8,0,uM,1999,,Bossard,
H2S,5.1,0,uM,1999,,Bossard,
H2S,7.6,0,uM,1999,,Bossard,
H2S,10.1,0,uM,1999,,Bossard,
H2S,11.1,10.65,uM,1999,,Bossard,
H2S,11.1,25.8,uM,1999,,Bossard,
H2S,11.1,37.6,uM,1999,,Bossard,
H2S,11.1,86.37,uM,1999,,Bossard,
H2S,11.3,74.55,uM,1999,,Bossard,
H2S,11.3,135.13,uM,1999,,Bossard,
H2S,11.4,180.54,uM,1999,,Bossard,
H2S,11.5,271.39,uM,1999,,Bossard,
H2S,11.5,289.9,uM,1999,,Bossard,
H2S,11.6,323.52,uM,1999,,Bossard,
H2S,12,390.72,uM,1999,,Bossard,
H2S,11.6,414.39,uM,1999,,Bossard,
H2S,11.7,463.15,uM,1999,,Bossard,
H2S,11.7,466.52,uM,1999,,Bossard,
H2S,12.1,466.43,uM,1999,,Bossard,
H2S,12.1,489.98,uM,1999,,Bossard,
H2S,12,508.53,uM,1999,,Bossard,
H2S,11.8,537.18,uM,1999,,Bossard,
H2S,11.9,540.52,uM,1999,,Bossard,
H2S,11.9,557.34,uM,1999,,Bossard,
H2S,11.8,565.77,uM,1999,,Bossard,
H2S,15.1,719.78,uM,1999,,Bossard,
H2S,20,726.93,uM,1999,,Bossard,
temp,0,15.22,c,1999,august,Bossard,
temp,0.5,15.22,c,1999,august,Bossard,
temp,1,15.18,c,1999,august,Bossard,
temp,1.5,14.72,c,1999,august,Bossard,
temp,2.5,14.4,c,1999,august,Bossard,
temp,3.8,14.15,c,1999,august,Bossard,
temp,5,14.04,c,1999,august,Bossard,
temp,7.6,9.84,c,1999,august,Bossard,
temp,10.1,5.99,c,1999,august,Bossard,
temp,12.5,4.72,c,1999,august,Bossard,
temp,15,4.21,c,1999,august,Bossard,
temp,20,4.05,c,1999,august,Bossard,
temp,0,14.59,c,1999,september,Bossard,
temp,0.4,14.76,c,1999,september,Bossard,
temp,1,14.9,c,1999,september,Bossard,
temp,1.5,15.04,c,1999,september,Bossard,
temp,2.6,14.79,c,1999,september,Bossard,
temp,3.7,14.57,c,1999,september,Bossard,
temp,5,14.01,c,1999,september,Bossard,
temp,7.5,9.87,c,1999,september,Bossard,
temp,10.1,6.44,c,1999,september,Bossard,
temp,12.5,5.73,c,1999,september,Bossard,
temp,15,4.46,c,1999,september,Bossard,
temp,20,4.43,c,1999,september,Bossard,
par,0.00,1140,umol_photons_m-2_s-1,1999,august,Bossard,
par,0.5,929.9,umol_photons_m-2_s-1,1999,august,Bossard,
par,0.9,610.3,umol_photons_m-2_s-1,1999,august,Bossard,
par,1.4,509.6,umol_photons_m-2_s-1,1999,august,Bossard,
par,2.5,362.9,umol_photons_m-2_s-1,1999,august,Bossard,
par,3.7,226.7,umol_photons_m-2_s-1,1999,august,Bossard,
par,5,127.5,umol_photons_m-2_s-1,1999,august,Bossard,
par,7.5,38.6,umol_photons_m-2_s-1,1999,august,Bossard,
par,9.9,13.3,umol_photons_m-2_s-1,1999,august,Bossard,
par,12.5,3.1,umol_photons_m-2_s-1,1999,august,Bossard,
par,15,1.7,umol_photons_m-2_s-1,1999,august,Bossard,
par,20,0,umol_photons_m-2_s-1,1999,august,Bossard,
par,0,831.7,umol_photons_m-2_s-1,1999,september,Bossard,
par,0.5,671.7,umol_photons_m-2_s-1,1999,september,Bossard,
par,0.9,478.2,umol_photons_m-2_s-1,1999,september,Bossard,
par,1.5,376.2,umol_photons_m-2_s-1,1999,september,Bossard,
par,2.5,214.9,umol_photons_m-2_s-1,1999,september,Bossard,
par,3.7,121.8,umol_photons_m-2_s-1,1999,september,Bossard,
par,5,75.1,umol_photons_m-2_s-1,1999,september,Bossard,
par,7.5,19.2,umol_photons_m-2_s-1,1999,september,Bossard,
par,10,7.1,umol_photons_m-2_s-1,1999,september,Bossard,
par,12.5,1.5,umol_photons_m-2_s-1,1999,september,Bossard,
par,15,1,umol_photons_m-2_s-1,1999,september,Bossard,
par,20,0,umol_photons_m-2_s-1,1999,september,Bossard,
P,0,0.23,uM,1999,august,Bossard,total-P
P,0.5,0.27,uM,1999,august,Bossard,
P,1,0.26,uM,1999,august,Bossard,
P,1.5,0.35,uM,1999,august,Bossard,
P,2.5,0.35,uM,1999,august,Bossard,
P,3.7,0.34,uM,1999,august,Bossard,
P,5,0.34,uM,1999,august,Bossard,
P,7.5,0.27,uM,1999,august,Bossard,
P,10,0.47,uM,1999,august,Bossard,
P,12.5,2.1,uM,1999,august,Bossard,
P,15,4.36,uM,1999,august,Bossard,
P,20,5.44,uM,1999,august,Bossard,
P,0,0.24,uM,1999,september,Bossard,
P,0.4,0.27,uM,1999,september,Bossard,
P,1,0.26,uM,1999,september,Bossard,
P,1.5,0.34,uM,1999,september,Bossard,
P,2.5,0.34,uM,1999,september,Bossard,
P,3.7,0.33,uM,1999,september,Bossard,
P,5,0.34,uM,1999,september,Bossard,
P,7.5,0.25,uM,1999,september,Bossard,
P,10,0.47,uM,1999,september,Bossard,
P,12.5,2.53,uM,1999,september,Bossard,
P,15,4.04,uM,1999,september,Bossard,
P,20,4.31,uM,1999,september,Bossard,